건물,층,강의실·실습실
복음관,3층,복301
복음관,3층,복303
복음관,4층,복401
복음관,4층,복403
복음관,4층,복405
복음관,4층,복407
복음관,4층,복409
모리아관,1층,한국어교육원 강의실 A
모리아관,1층,한국어교육원 강의실 B
모리아관,1층,한국어교육원 강의실 C
모리아관,2층,모201
모리아관,2층,모212
모리아관,3층,모301
모리아관,3층,모305
모리아관,3층,모308
모리아관,3층,모310
갈멜관,지하 1층,교양정보2실
갈멜관,지하 1층,교양정보3실
갈멜관,지하 1층,교양정보4실
갈멜관,1층,AI융합실습1실
갈멜관,2층,AI융합실습2실
갈멜관,2층,AI융합실습3실
갈멜관,2층,AI융합실습4실
갈멜관,3층,갈301
갈멜관,3층,갈303
갈멜관,3층,갈305
일립관,지하 1층,일101
일립관,지하 1층,일102
일립관,3층,수업행동분석실
일립관,3층,모의수업실
일립관,3층,멀티미디어제작실
일립관,3층,영유아 교과교육실습실
일립관,3층,참관실
일립관,3층,영유아 신체활동실습실
일립관,4층,일405
일립관,4층,기초간호실습실
일립관,5층,일501
일립관,5층,일503
일립관,5층,일505
일립관,5층,일507
일립관,5층,일509